id_client;password;nb_comptes;solde
ibrahim;azerty;5;100;2360;1000;900;3000;
youssef;qwerty;3;2000;2985;1200;
gv83;XzZYG07wD;4;48647;11961;20469;23425;
GnH0;EctujczFeMKZ9z;2;98389;84245;
OLCrkq;XXLVdC6g77Arg;5;96126;43085;62656;92780;68141;
VORjq;CnCA8qbTrEQxz;2;74756;6510;
jqDHp;2U8SCTf;2;99907;65972;
FDv8ky7;aMuxnfb2nqhZVH;1;36393;
MASDN8KAU;Y2gxYcvBw;2;47745;20899;
CD6jdw1;yjRUg9xDVpJge;6;3700;19075;92980;86734;50925;26550;
4Ahj7nl;TTW3yG7;1;76935;
JPivI;DWQZMmWArj6;6;52998;19615;34486;37330;39243;16072;
WKEn;2iczWP2GvPiFB;2;87075;25766;
a2Xi;Q0tkQbdL25T4sDH;4;27784;78604;12947;10468;
aAAs37A;w5rPx6DOghPhS;5;67035;34726;2287;57304;78862;
1RiHni7L;slUOgcsB6Te;2;76625;73559;
xQaPg6;OsbMCApVM;3;72555;50060;68320;
yV3XaM;cVclRLKEixi;3;21707;77786;61293;
5h6KTGe;Nh2apXmf;2;49859;19310;
DQnTBzY;o4e92Qw1OyX;2;19452;17052;
aCDn5jAM;3MP5zFgNUaRT1we;4;17288;67825;28762;36741;
Z7MIY8M;684L4uh8;2;78720;71380;
ruAl4sF9;j6hJINw9A;5;80165;81820;98646;65326;36045;
LAm5;95G67Dd1;5;95107;6128;66249;37144;31379;
HSZbMVDN;XetWtRKHS;1;62826;
SjAKO;ajkvSF7LrVyuckN;4;71994;46062;73120;28028;
UfyBVFZ;vTgISqSd8l9JDS5;2;99235;5236;
tluqSV8;YL057K9Dqp;4;32033;66972;96440;7568;
A7yKqPs;By5VG1CuCtnx1nY;6;45615;41061;62798;28940;53854;70366;
xOZ74C;aVtTqilKJEW4v9T;6;76008;54798;17945;55158;83738;71799;
OdjHx;TQIbzYhJ;1;8974;
VhBB4jiC;D2KzXcNR;1;12080;
1w77hc;peO4gXzD3PouFZT;4;69895;4449;63392;93204;
kU2X8mt;OkO3nqVt;4;65185;60904;18207;19517;
93PUmO34G;KwF75ADIXhQ;1;76458;
pDVi;7OMFr38;2;8569;73403;
Yj8ga64nx;uwdroQcyu3t0HmH;1;93337;
E64vn;293nu5EI;6;44446;26581;68041;24753;95998;26400;
vSoYMij;qxqkLNZ42S2U3m;6;11124;19009;57334;95517;60114;69684;
Arik;SPX6XyIL;6;28252;82024;40691;23463;44284;71890;
K5a1t;kxz9xMcWaBCNox;2;22007;80355;
v0ZxKXZb;qp0opgZyD;5;63198;44925;29364;82133;17090;
3DwQ1Z;DIcAaBOo;6;11587;10081;94663;77436;44708;93558;
v2DHkw;n1xJN9YAAwD;2;6116;54362;
P1P9sDul6;t3b7JJja5u0s1D;3;67553;41855;50798;
sdM75r7lV;tQhmPcUojUhBK;5;94857;60260;41595;62411;18468;
IGxBVsMEH;CpLHBqKlCR4IjE5;5;1045;48082;9492;19513;56828;
SRrE92;xgIWwi6XY0v7uow;2;606;9517;
wecqZ0giV;hyoNxJT;2;58738;11104;
RWSV;fZEHWuDrhMxDYa0;2;5160;42494;
tKOQbD;cQxAdCNgriLeC;3;73022;3390;25193;
1vXDzfLah;FfABOaBu;5;55683;99321;18014;32415;38957;
DZTDqbY;iRD7bfA;6;87062;60959;13875;6445;95322;72320;
VH2Y89;TjYiTDlsM;1;57907;
QXGz6uFNX;ScREicdP;4;21916;74619;62649;31405;
OR1WS3zFJ;xC1uRMa;3;42716;89733;87378;
YmWD;CUeeOCJsx4Tmo;4;65888;58049;27305;85992;
m6syj;fdZea6xAPzEt1c;1;11319;
l4XLxg;BOlcZTFCWGq0E;6;6966;25641;57092;37505;92191;73132;
Bxxm6Stxh;LkUcW3dMNGcxaqm;6;35349;72730;61853;24833;34963;7075;
b1z5KQsP;JD2DGEgaHBbXNG;4;30743;13126;31440;55576;
37dx;3sDxk61Pa2k;5;84748;41602;73096;85533;63126;
i92FjWwY;qCYHGoR;5;92767;87212;46220;89973;17477;
S0OIt;AcrNHpzUFZGauS;5;10240;36335;89668;14126;45454;
7rQBgkzy;p2BBsBS3;5;21566;10507;59127;43185;28477;
xDBtShS;H6MgaBNntePJ;2;78308;50413;
vH0Wkedm;hmsW65VB;6;4523;6243;63165;39034;62476;24562;
vmLfx;jfIylTEx9or59R;2;71823;74075;
AMMzr;SlzUnWEx0aTbUlw;2;24809;58000;
SeVd2;WYK3w5JFu;6;58613;68855;10843;74181;12102;5754;
vOfPJOk1;YZWdlCGg;2;14859;34462;
oljBE;4WCPO5N0gaM4WP;3;89243;32160;95345;
NDeqtlo;rkegeV81;2;23095;91457;
yPEhLt;gnTpOmaktttJ;3;35296;96214;73622;
0RRh;fFR8IRGM4o1G;5;30312;72006;83493;50150;43791;
eFMQyY;CvTQiejlHY;1;46438;
fAhmMNa;uJ2BIg928buAu;1;6718;
nLVuIOqH8;uvZj1Svl;6;45840;32867;53405;63421;11036;52949;
iIs320Hgx;S5Kxx4SmdK4x;2;99817;97581;
OZt111TmJ;EFIAxot5;2;62061;95356;
j7XP;LSqRfSC;4;349;64206;37931;29274;
M3XuvdDqZ;r1VgQLZ2kPMbyn;4;56290;41221;99789;94221;
Pc9Cuu;BDYnJEYwu8b47z;1;20749;
RVoSNmgT;s2ko2ultX9EuB;3;16917;87336;93308;
vTjUbYDq;bSoKbhSn7dyo;2;49514;83638;
UKRftYXuM;0pQIEjJmvhlA0yv;5;94552;26696;35609;78191;24548;
IhgiXk;jwTNDtYYy9no;2;24319;58197;
6TWUG;moorLl4Wuq;6;35133;97463;69493;63315;69507;7833;
Yhzsd;wquTZpB9DQocZ;2;64977;8902;
u6JhmahNO;nDsLGFgO;6;34155;5574;22747;16010;41180;7771;
6j70Sfa;M7XwGaXYLrt;1;10868;
b2wsFqzDf;vFuY6WxWF8Rssns;3;18495;55162;53333;
IUP2blh;Thnb3hWp3rnIJDV;5;7356;61814;58634;42204;16976;
e9SNGlwuR;49zf8snU;6;75653;96215;27926;63050;68936;99195;
4aafS;Za6eu0b;3;43877;87501;52818;
Vxldm;oBhGhmGPqOuUB;3;47523;40975;76268;
GBaq;j3ssJGbW6isdsW;4;2564;77261;34233;61603;
u0Vq8;xBYBKHICXZ;1;99526;
qbMQX;Y7Up78dc8;2;45180;55936;
2xoZhBUgF;QfzOxpzLl;3;6778;74630;60516;
kHIH;wNYw1g7Gj;6;89788;51081;38487;47227;73783;17187;
hBjrUtW;MFohpqZmrkZdG;1;75828;
Ku9g9gG;7V1c4OlHhzMwQAH;3;16502;65603;20646;
DRxKe7;ImaD71G;4;54805;98172;95291;38898;
ygVv6plz;ULaSPGYbWmi;5;5068;21164;31022;66847;33022;
GL9SRrg;XrvT96TRM;2;7876;33980;
41rlmal;qJhkdfj;6;57373;96883;37640;55787;45924;280;
eSMKN;c9ggXgEFubN;1;74371;
eSnf;OZ5VEWA;6;33741;25519;50423;15061;35883;3503;
3HMvr;OJlRqXp1peN;3;92766;1443;66811;
UxuYbnP;AxjKWElTkYstFG;1;80586;
surgKKLh;XZPiFHJ0OhN;4;67811;80943;18150;93207;
PNZ92;kU97UWUx3p2AeG;2;41784;5401;
w4TnhJNjg;QgXld2MoNMj;1;5374;
pKxy3;6XH0v7tbbekd7;1;32645;
AvQAv;5wkGFoPu3JfA;5;85567;55060;22886;97514;51261;
0Vdc;Q7hwoQr;4;60138;98819;54429;30659;
KW0Ric;uZM9n5SWryf;2;37299;18787;
hlYmdw;gLlF5gCuxVj8Ux3;3;90752;19763;12897;
2S9sXkea;xzzGG9Sb4WBoikx;3;82390;86882;25606;
1jYrx6BTc;93Zyqv2p;6;60120;69301;31379;36786;80271;59906;
xUNn;wdjxDiosFF;4;84272;39571;51336;81471;
cxkF0U2K;8vnyvWLDzYXA5i;2;86954;17977;
B5oxe;HSfBQyOeRyPk;1;79114;
OGxTnVww;q4r9UZvYsgt8j;2;97197;91108;
fCodJ8;ltZIUdA9ciZx;4;63123;77583;10539;896;
2lM2mU;TLMH0vQki;6;34567;53429;11267;30284;83629;93329;
RBn3r;XyMhV1mECWbr;4;60786;26005;94711;91594;
UXFGWU;gYCdPlKDInKt;4;47501;3367;35161;68104;
TWA2x1yIz;iVIP6sT;1;96803;
UNhDy;CdNmVoN485thQ;1;70208;
lQYyC;PIOdedVP;4;52393;86281;35590;74717;
b99decWRl;eLCYoKpKwD;4;1779;7901;72746;9745;
gG7gF6jH;ti8oVdZoZcWf;2;45357;5953;
hGB6G;2KgmxfFDeR;3;22533;66649;52167;
CQk5ioM;ex99GG4BTast;4;57537;45465;76804;7880;
ckLE1MU;5nSmRUIQ;5;61366;51853;72046;70497;5369;
XPiESqgk;eRsxVcLw7Xeh;2;23784;74574;
uj2p46xyR;vcfkhaoWsK;5;13116;65090;72938;30332;95175;
tbcm5z;16SjrUnz1nMNEmj;5;92232;58453;60247;73675;31391;
p4PBbBT;f8P9RWqz7Pr;5;87902;19461;65299;62488;66592;
rMWHGz6;oEywqBs3A7QOx;4;66506;34615;27143;54408;
s3q6;GhafvCBPT25;5;62434;18074;84236;92630;11690;
Jqym9piJF;cP01tzjZ3oX;2;20845;24482;
tLthCF4zf;QMdsvxuao;5;30790;3898;90501;32259;94197;
hVqol;GwH4JnGMF18Y0k;2;51634;33757;
6rf4f5edc;tveBuCgYWNTwY;2;8517;19273;
SBJ8y;dAI0R35gnvmbf;2;50823;76561;
zNrK;8t58gnpdoNJftC;5;32839;2974;13255;4997;49904;
nUXAXb;iWsyQoP;6;17820;9933;80908;93509;23197;91434;
27iIHvs;rqcMMvyHLGt;3;56590;82455;73649;
4KkDeBx7x;ywemxVJMbJo;5;47217;55881;65720;96078;28651;
B7Tt;WDrjXvtig2V;4;61624;55510;9771;53252;
4H4dNWW;HON8HzRQ6Chn;6;1765;5017;42523;77543;84236;20499;
9yqBFBax8;YKvtn8sS;2;32204;11068;
ZIZjVVB;krX0Sqd9;1;17171;
jevz;Zx0uY0RXTgvxo;4;95636;69418;16998;45837;
RGXCn1X;eJBDaI2Z3S;3;99131;17573;66230;
wMDlFjrkO;Rhm97fYNixe;1;45440;
up0CK2b;3yA6WieDpoB;4;10548;57916;64417;61772;
SfX53nF;xfqzQisfIoZPrr4;6;88821;23751;5566;63089;88168;67338;
X0bc;3oHs4PK7l;1;87331;
kp0ZXV9KI;YsNQEizRINxgTN9;2;89881;72569;
yEK9ZPTC;eqtv39Z;1;58194;
ZJakD97;2CANoxlUlVt;5;4487;68634;75583;16697;72621;
gpRz4G85;cRrPsjhQUve;1;525;
I3Znl6v0;K2oa4Io;4;49139;16832;90960;90143;
qFqYck;sjbYg4BFXcy9;1;96730;
hg5law;IIjpnb07g;6;74666;78819;14320;88498;51795;16420;
kFjjvf;LhmTTAcr;3;16412;19244;84342;
BiSiIVy;vuRbeceVyw5;1;4236;
TnShINf;McmPsOZM9k5Rj;2;65755;76999;
9QkWt;rGEUzvuA;2;27349;31870;
aqlxJDX;djHp1NVEQSoDW;5;18725;86556;43308;23563;10062;
dB1mWBQ;g7nkeSz5tkx90JB;4;97078;65842;67232;56738;
cu3MVE;XjzSwHWd4Pw;4;13871;88646;43567;189;
OA3RBnIb;DGsIGd1tlo9HUV;5;12018;73552;41856;664;33471;
LEugm;i3HyBdAq;2;56954;52175;
u2mysCT;IG3Tc4RcGXx6XF;4;59143;20284;5467;76627;
vFBnRXF;M6IkCz3CuIEYt1U;6;11521;40838;99618;48158;46306;76245;
zL0qw5;8fhiFFa5Z;4;67989;4407;72206;11240;
odKNPA49t;tOKPQgbXQ90Vftq;6;27391;51686;24571;54984;37409;63685;
KauYe4CT;snOymAclqW;4;71232;42528;94172;7245;
YHhdtvNt;kbY2JWkUyG;6;16555;17967;47385;21877;1093;77926;
4Mm75;Uy5nJ49BBTLlhf;2;92824;84814;
UF5l;7ITXLG6t5ZG;4;57624;45714;3421;20030;
19zA;mmNjfjPss;2;85590;12170;
ZWA9xH;jq31TYb6qw;2;19247;68182;
ruElKYzyK;VWmUmMoEwPNKG;5;55047;37469;68560;22380;56716;
55UIDq9S;Yjr82DJ;1;45301;
ri6dqnciO;hrtD0h1U;6;35281;14518;27803;26160;80090;23023;
wxvC;fNQGHVWZpM6;4;77619;35089;2844;56036;
GAevPOpT;ga9PC1TxaW8O;6;63266;26276;95604;25339;3896;30693;
VLRH;04BY1eq;6;17146;76337;41788;18492;19593;25328;
F8zu0YiR;FMdDmg2;6;82084;40355;75871;13342;33854;29340;
LWhHjBx;y7IhY5EtHHUU;2;78475;54201;
VBOr7;2zCXELr2H07;5;57154;74153;79902;11289;84435;
enTQF;5cZ0K1OA;4;81549;67885;84837;2716;
UXLLCa0Gn;4kt1GsxCc967;5;22325;88858;596;20226;73095;
QM0L;ZeD7vsEON;2;49262;68122;
TffIjG;kWn8rzEzf;3;3936;65714;49788;
AdxPC1f;A2UcQtOrO2;3;50522;23248;55468;
9nrr;sS8WkWUrm;6;71681;34798;42475;63013;96575;41401;
Ly0kxbBO;9lieRGYs7g853j;4;59575;77299;21697;22588;
NInn6cx;ti2Fo4kSSBQWz;5;28276;31959;95154;23850;7886;
mYjV9;DHvWPlp4fyMVZq;2;58464;21351;
sUwkX;5dB05isyPL;6;88340;9887;99734;60731;53975;89245;
tRoMz;iDXCgWhcXI0TOg;5;87127;61504;4564;91819;87743;
i0ykL4;HTLs0cf;5;11176;6288;45499;68370;96964;
U3GK5LY;MAklnuFScu;3;47999;71263;64834;
UIq8qhEY;fmtMtRCcs1lDeF;5;72378;80541;66850;20378;68157;
dGcrCq;C2GTCXz20RTbiV;6;82027;46976;68828;54405;27517;35679;
fzVLzddQ;EZ0uwIUh7M5Mw6;4;59144;41311;20570;13549;
G555PFuS;zt1oilIQ5QLGLn;6;18252;7040;67270;75916;27611;97171;
dHzox5k;yS8L0hjEb;2;76032;38540;
10KQ8Tk9H;gFsfNWWMl2;2;23388;12196;
B5Gegzb5;1XKhLx3P0l;3;30627;94573;65349;
LBGG8IKvJ;UkX6ORuDE5LdqCT;6;12799;82204;7186;94501;43246;47993;
SeCr;mRF2b8u4Jyj9foK;4;16448;3853;23378;45600;
O3i2D;lcu64ENzwMyRH5;1;88164;
vft8EOL;hZk2MqkHzm;3;13700;44037;22568;
6TeG9;UNEKeiiK;1;67272;
guFCc;z0SEjP6Xq;4;42004;6606;26786;56128;
jY29Huhmq;VoMEqiB;6;65502;59754;30015;13179;70282;62858;
e0XFt5s;OwwZxcKJ;6;65111;69214;68699;68545;31077;56845;
F0vvMYO;xV1frqZ4KjT5l;6;8835;94358;64831;78049;79409;49728;
f01mJWy0;7plSeq8;6;5985;27310;5623;8668;83076;39925;
viVNlLEyi;c9R3neSjr3;3;44917;6394;93402;
LeAzzI;fhXbtebrV2CX;3;78324;10833;253;
L3LP;h2S1Zn04;3;34040;95676;6713;
cX4ZaS;mr2pRpMnAN7kf;2;57132;41082;
0Tkfvx;26EStn9E;4;32255;65013;10668;29741;
kV4enL;OXnDW3l;3;46888;91926;66298;
X3jLgKv7U;yH8C2u5XM;1;75403;
ZmTjhHTOs;qkQZIcxw2W;2;60307;70777;
2pLAr8Uh;wmNgISJ;2;1628;86105;
yc9UmM;xba2TMk;1;420;
Pv4PnNr;zGnMfM3ew8Wa;1;67425;
TgmYQf2c;v7zGJno2;6;61398;7689;67804;2887;36180;40231;
1B4Tb;GBm0y0ltn;2;61611;56973;
cguDqk;DruEt5Eol;3;3991;1592;77662;
6kqA;baR5RQIF2;4;77687;245;93109;32792;
QBVw7on3i;QAdjOm8TGf9F;1;71733;
Pwky2;WuCAOjgcm;4;55749;57713;82256;6881;
veQElT;cvSoIMw3V3Q;2;40153;40254;
vJXhBB;GU2UfqbebbxTn;1;24197;
6ohQzbb6Y;ZnPI0b4ZGMRoP5n;1;70436;
yE84g;piUftzL;4;95744;98752;78720;109;
oKBusG;EHIi6Jh1w;6;50549;50559;18878;24264;98945;31740;
AEWaMNuYZ;QxcA4w4w;2;48158;89553;
Ejx18XtUV;UXZ0I2ArWgMZ;5;33531;64071;34525;7023;6909;
bFwGaF3;vhPg6FOX53;4;87249;87652;79633;85068;
HtgBYT;cIETRBO;1;16484;
3eUboidWM;WTgingM;2;27371;69699;
87dlb;BJTI8Hrnp1;3;38727;14534;9532;
ysCNk;66h7QTUgVkHs3d;2;48821;10215;
b1uSJAC;The79T43;2;71041;38775;
pWH6;997rzIzWiFl1;3;38286;14025;45844;
A1HZMN;2wXqYFlEdkC;6;84818;64337;5348;59224;67214;93830;
z4NvuE0;5ZEKfw62MSvW;1;88272;
NIBno;A15t1iRWdGqL;3;42527;94655;4901;
BPeqXVa;cDmFuuJV;1;40848;
5KOf;z005pdkcbH;4;30947;97722;3600;67924;
oqxwrw4Bp;bunqh8q5nDtb;6;46880;7345;9894;77827;5067;13494;
royEFT0;5h9gxfeL8p;4;28822;48207;47874;64337;
p0AYYN1g2;nPPkxXZr2X;5;5000;75048;67175;76631;73772;
zLKk;jovtB89Mw;2;55266;7957;
E9o6;LZaD32RBnOZqP;3;96847;29211;3784;
luSb9jo;32DeZqel1;4;55488;10783;79854;1695;
owKsjYvuQ;qd3moxD;4;59142;466;87142;19211;
0asd;aUK5m1Xj;2;83113;41935;
ilIgjsOfD;fR0oFjJlu;5;72701;72932;96390;86319;88272;
Bs79wh;R6L0GOHv1aEAm;6;88814;7110;51468;70925;79811;40752;
gNQ7Nlv;O42u1Bi;4;65775;35757;69344;57347;
Rmqdq3;Bc7BmQ3m84Y2U;2;83101;27737;
fDe3;Eu0oAT51V1r5F;2;8572;36566;
Ebzn5;8semkYvROZ;1;37999;
YgBglLo7;GZrQ4VSYf;3;72991;25393;15679;
bbUR4;eYsrTHm;3;52517;7519;24324;
ZSsKL;GNrKW2Z;5;61684;70514;97570;73612;16613;
sZZH;GzVqePSCv;4;34284;30291;54473;59415;
QlQd;1HVB1htB;1;67313;
fmQqA1g;KKI4XYTM;1;433;
VTaF;XP0oZEyDItwQ36;5;78124;83915;38414;45312;37731;
GS4yMg;130zANfoZ4Snw;4;58329;23006;24442;50784;
C5y7Nsvpx;lkz6coZ2NpDSDrL;3;97686;59505;62975;
Wzokw1B;1mvoiyA7odmSUN9;4;31909;85936;41854;29596;
AnAT7Y7;lZcxlqFHQAVSK;1;46614;
6CvRi;H0Yt8AGhoHCzX;3;88257;21119;53358;
qlExzbX;rfvmlE8QuW;1;13710;
rrXp7;Smdxu6E0ccff;5;12221;61818;47281;79679;5125;
BNk6;KyFwinev;6;78322;61758;22474;99971;88510;18857;
lGgNh;deAievGnSmXeSjn;2;10396;55089;
umKEaP;BhPO4kR8K0b;6;93260;16875;15314;97480;12797;44744;
EcGk8f;DwzbT0i;5;85454;88817;3111;39998;86852;
fy0zX1jL;im5nc7E;2;1137;61689;
S8Xhbj;ao3dkZaA9FifSd;5;4975;82041;21919;20478;25246;
umEN4By9C;bIM9UFa4u8urE;3;65285;6390;80339;
5X2n9u0;x5rzD1wovviNt;3;15546;93051;87136;
UDXwXopKe;SSdisBbIYFzi;2;15186;222;
skZtSL;yiDnuj3;2;78226;91905;
EbKQ;YnrkaDzKG1g3;2;48128;57401;
SzalWJPL;9RFrxgbDXDp;2;96685;64488;
Mc5u;KqW47tK59dkwhjX;1;23971;
HkTRF0;lAjXcSDiqT4iOl;4;25923;42122;67368;72273;
BDhhbr0;WUFo63xR5dkdt1;4;57260;28152;95268;99535;
Vsw3wN;7yaRiD5ex;6;86862;76669;8425;6228;92486;9252;
9aC4c;91ANxDas1;2;92527;26822;
kvRYuI;EPEiwVl;5;8424;85080;53245;16970;6858;
FaZNwEB;5kFyeIlnutR7VZ;6;67024;82019;81985;68456;51616;98955;
Egpl;XAosYrY;6;45318;73313;79579;50855;83980;60487;
GZCs;vNG8OhIHzfN;2;67698;38221;
agPI;vEUzFTT7S0ecD;1;28655;
uF0kH0L;omgbNwi2LQnfyLI;5;87141;38080;68571;66994;17610;
CaqO;8C7cEKz;3;3851;61185;31933;
mlFPjIj;JgIRNysSo8A;2;56767;33909;
osF4EBu;57W8KbJvIN3;6;22501;50642;65248;86711;52907;9461;
llEf;uajC3go1RnycV93;4;99326;26857;4539;38179;
A7jN;mYEroXpxni;6;32863;76267;24911;30110;9780;85251;
Sdo7r9n;ZG0T4Fo;4;59087;35078;94081;61927;
uHUZvBTZ;ooKvL1x;1;18645;
nPGi8;QOC8LNLY7Qyo2MY;1;71392;
iJiVk4S;xtEm64RN;3;83856;65337;17784;
oCN19VA;TZdyvluxdhVuJ;3;10675;20990;39550;
Nmj2OURLF;upj8g0VjpfuHCvN;5;53238;77083;96309;92788;86915;
WA7mUKyvU;2w58mRi;1;3413;
pnW9LT;p38SbNRPq4OioKh;2;25529;35655;
vTIAhXL3;P9a0wnTt5S6NynF;4;71096;9631;21150;96626;
gYKLW3uvu;zjZyajLRCFA;1;94791;
L0zRM7sy;r1gZVLNiUAGSJiA;1;50556;
ICffiOlIO;i90coRicAR;5;63264;75812;13829;34155;31460;
cF7TkGlpJ;xXtg3q45D;1;93486;
gjFcK;0EEnF5lCMIn5;6;24089;43388;3231;52556;7829;37017;
qpgAPS6;CdpsVdW;3;57428;44645;75069;
O2vA6;d7ti9zgUMNP;4;56579;19379;52864;22044;
cnTBuC;aAH2aeXTh;1;67916;
pL1Ng;hHaC74HHc;4;88094;45861;29610;22577;
5kFvfx0;qzB7YTz0M;3;9050;35039;26466;
6MKw;JFepgnVDB90;6;60685;37298;64337;65578;68078;776;
TSEQvca;PGecm49Wxb9DmU4;5;70888;81830;41273;36466;66261;
lW55QHNx9;9UpdUB5Rls;4;94095;61016;75769;71031;
asT3lxyYU;eGUjpT1EVL5Qrh;5;21101;92235;98830;96870;79618;
yjuhcG;wxsDMaueV49Bl;3;12957;16543;11756;
FOVFe;yQhSGPd15GB3;6;89192;7281;84544;36765;67938;43204;
4qSWhnA0;dEOqrc4wTB9W;4;97060;75088;81244;4342;
fP4W;eDZAGtcW;6;90152;17627;10734;88224;71354;34268;
LbZOQUy;2o6S4zBgukiX9Ir;1;6106;
mnKsHUB;fvOf3Et0;6;31090;32222;65531;78777;56649;67796;
BlONwo437;irIE9iweD9kx;3;23167;98499;98903;
9lhiXSEaM;QTqG1FdwFlSHOR;3;32687;60909;29893;
yMMHRVvyn;ims1BWQ6ZczaT7;1;13897;
UGbSn6v;q2d28oiZP4F;5;53185;9558;79414;27017;38596;
wT9ly1P;K4XIDbyF;2;59439;23059;
tRMugfl;sw2N7zJgLqIj;4;24968;52778;39024;81670;
S5rqeAKT;piJwe1S7DNu;1;51240;
pFhm8;gcq4k0fifnQ;1;2512;
oPqeS;AzqPBQnlQf8U;3;62360;64273;1175;
PvOvIZaOY;iGLtCuZBS;1;10770;
vIlUpyAK;x9fdwk6yPd2q;2;51563;51849;
S300XmF0;TVOCEPZ;4;85833;74648;28822;3590;
1p4JgUy1;iFUIgVsnM98oB;5;34191;46551;52710;20024;21199;
pQsm;4oCz79D;5;68020;98739;196;83153;99906;
v3PJt;45SsWNjCJ;6;88044;1674;66232;37626;93959;79989;
LDYmMp;QZ6s4tj3l;5;42891;97101;56842;2420;58284;
JV3cHe;bMkHVOTmuIhMAyT;4;62578;3624;49321;59680;
m7wSc6;6Cq7cAEX;3;64531;77204;59773;
g2mjchDTk;yq94uMOgI9CCzSA;2;17706;39982;
gucETg;pICFHuYh84N5;5;86828;87799;95347;14971;30969;
KV2y21qE;jh4Rihp;2;29026;62284;
SPvtyoR;KcWRwO4RNJVUQNz;1;88484;
pOu0o;SVGq0hsLW;2;77442;79518;
s59XkY;9PyM9R8nwn;3;61924;19218;20349;
I9gGkDT;KqyAEC8xf7a;1;30638;
VfBgkwh;wGXiynFardrP;2;61494;26730;
QIS7;zrjiN1T7xEf;1;79123;
olm1c;cTPBXXW4xQ9e;4;87593;60939;86186;48016;
FoysbklxZ;ez098YJ;3;604;84315;16514;
T2ho;enP68dsZjum7t;5;276;28002;4711;89339;51398;
vknD2f;D0ZwmCAxfuugMjn;3;9711;61298;71479;
82elXxt;nRrLlfBHp15L4q;2;9948;3110;
oX9ib2;zqlC1wkh8vkx2;2;37248;52636;
pf0ly;PrGNfQRF635;3;3437;64110;29468;
3qSZ9620h;cu2dm63ejIvQkAu;2;48303;25241;
CUv9d;mAHGrJQ;3;22251;68473;6909;
wXxXs;tJRiILawSr;2;99079;68408;
4KhqrxANi;pspIpsHwS0ubx9;4;88249;99588;85944;87329;
Ixv4xC;iQEymTOUf;1;48508;
N5thrFY6n;cm5C0bmozZ;2;6413;76490;
5EGhQ64;MQKcCFKCQ;3;76345;96795;34947;
Ri2jLCMr6;hgDbtvpdK;5;48457;93087;41526;64688;79320;
1yA9oKJRk;R4puHuyavRtJ;3;17426;40311;96513;
fQ2Eg0Q;n6wPNo25VnrTG7;5;19672;37139;76207;51376;54565;
8Zz95f;T8MPuprGikrt;3;98320;55715;21799;
funFta;YfzKstacpKPJY4d;3;19624;76842;3661;
mo9ZVVUZP;qeYs23PBk8;2;901;69763;
MtcF8DN;A1mRUhXb;3;28998;23740;80891;
4QTRP4;N4LxRqmYfEp6;3;19345;64392;63076;
70I3C;xAZpo5f1ZQmG4w;2;60164;17854;
JUXML;ndzk8kcvI;2;95608;92552;
Y1I831HT;khyi549xuFGzT;4;40758;39607;22822;27130;
bPaFfR;qMhzSDFNv;6;40799;75037;94992;47609;56022;42047;
tFDujB;gZKK0zNgaSFSk;2;37728;63086;
eafWie;dOD1b4kiTTQHgt;5;36466;56001;90013;28268;86060;
B8XiPEQ;6cgaQHZ;5;26415;80297;4668;94434;51927;
k2riGY7;1zOD4dn0;6;56720;9347;84085;14491;38316;86532;
yULIK3Oh;ujsk2NSSbxl5;2;99559;97818;
jJEf51XFx;ForeMrwVJENkm;2;46385;85060;
92ikmrR;bOT4h6ljIAFr;5;2994;67916;26569;8829;47909;
d8ps5n;DE53FHLyMHJ;3;95454;86665;99763;
lq9PVKdw;cbLNEPTv;1;57167;
Z3W02;gItyEEH;1;91446;
SNeZly;blQhw5g9OPc;6;94041;53951;83572;15936;21851;85298;
dB8Vc;EAp5VoeAvzvAy;5;43786;58490;47121;41748;52532;
omptMJQ59;C63cXvB;4;12788;8875;63438;68619;
FlP4;F1uPqcCDEy;4;59476;3239;53030;51188;
A953C;b0K83D6wuP0m7;5;85317;287;20193;46236;89324;
hHjHGey8;P5d0KcOlaHM427J;2;52251;13001;
Y35EaAN;xSAaMBYmDDvB88;2;85891;64040;
nfbHH7;1aAUWVBmVdM;6;45321;61678;75016;1984;21833;9950;
emtilYPjr;01eFS5GiNs3eCM;1;47867;
bjDfLf;rf7A5WEzEz3;4;89135;65454;57464;84202;
fKy1cXtAQ;qzIH4zij;3;39999;77271;65371;
c96mEb;zzPbNfVdtkL;3;28552;82242;46464;
UVIx1;jmuaNiwi;5;42607;28224;99022;72293;60994;
31um;75Nz5xpT;2;97901;39136;
bOUAL;cZ6XvrMMQ;1;14017;
HTsk;GznqFhf0r6ULgWy;5;92655;73250;22419;45740;10834;
rh5PhBw;jqUhXiudNBgBSc;4;45011;57573;42691;18261;
sTZz;3hOaxyhkGClk1rJ;1;18448;
lR3L3bCiL;dZ2MDlgydlcdJ;4;47178;62370;26530;96356;
u24yBrHh;rsaeiMFtR;4;12873;66416;5354;40724;
OOMk6tcq;XHDfvqcKG;5;81394;5328;50290;19699;70290;
AAm7AYJd;xnOHWTvrmy;2;60426;4437;
qSuP;UG3wgfEWARB7B;3;74918;48824;66601;
XAepm;EppFlSZkCu;5;59484;712;64035;99741;34522;
WaSpm;cfttYuV;2;92445;21265;
UJkgsYgwf;xtMVv17;1;25777;
aGaUdlYu7;jNkjuAtTDLI02lL;1;78449;
EC9s;sYBzzLJRb0;1;87510;
VldkJO;GgyEZBNLTLEx;5;44913;12502;14274;51356;50319;
i2n1BPpdy;MBqSuUYQp;1;59288;
54FbVQ1mt;5VokzUZHQz67hpP;5;92698;67590;52286;68338;40982;
2XZh;dBGAmt62;4;73647;58758;52123;97869;
yXeSZFopR;gZ3rj7F;4;91727;24887;60956;35003;
AWRiLnu02;ajYQkk2noPgFYea;5;34479;21072;35760;69482;18900;
ltnWEFK;lIQwQGJ5mNAaPzO;1;14367;
HNNTqe;VuMFuWcbg;5;15046;85874;12133;83936;95641;
Q3SP7AmK;nwgQ6DbHmvh;3;38602;35600;77305;
4n6c3M3;VH4UjF5FLMzc;1;75351;
ZtSZ4M;bABfsql2bSUWZpR;6;49896;16489;59266;7673;74623;67636;
9WrmCH9Tp;vIhWLzbVpa;3;40019;53242;1944;
LpY0A;CX48tJtZQezddkq;6;39604;80888;39997;58777;25853;80016;
rFDsgQ;gc6172iGk8lox;6;66090;43487;55146;5694;40727;11496;
dPVG;Q1yU4sLZkUtsQE;3;47084;90628;57682;
vtHfN0Thu;H1F0vVVbMhUG;3;19556;76350;57388;
E8Yff;i3PqyGTn;3;93272;18771;28088;
sH1G5vog;77GXPLgzwkQ;1;34024;
6xwtRG96;7XhDxHvqFrW;3;79864;4878;86603;
s5eN;fFGllJg9OKum3IP;6;96036;37444;9763;6526;92483;74681;
XrV5JO;aYqdtUpEtvB63V;6;89350;95207;88060;43146;4970;10939;
XxnTp;mHVaVZtGc;4;27132;60639;94650;56688;
nS47Fpkn;Xn58fpGU7t6Cd4o;5;20292;21180;61782;31294;77868;
I0NFu1PFv;gSveXJLIG2C65xi;6;76906;34691;92840;71126;7642;85356;
EJG1PryG;JnGiWcM;3;51899;75973;22170;
EDPP7Xz9y;tdrW3vV;1;55457;
glBx;HtKXReOJ2;5;91902;26847;82012;29315;8796;
RZOEETid;dXgZmflmH;5;76467;84204;65295;54951;47162;
Pp6tRBa;nnwLxENjKAvOLH;1;73696;
2x8l;qOvkkaxxu7TY;1;74879;
zWTxig;go4dFLEGx8gO;6;62031;12237;44169;92765;74221;31283;
9ztvvz7;ZXgG4uA7;1;17994;
76kD0C;Pj1T04HuFki;3;14215;20405;73434;
Kn9gvgi;HkB5hxR0a1QS;2;66401;80796;
4miKXt;0RMJ5BRDLgySEfG;6;35075;5017;43545;80971;76001;26298;
aoUF;QB4saZTPssW;6;74648;61116;49903;58201;55476;15886;
xKWcJ8Ue;rTvpN7BuytMxhu;1;87177;
QrG8r;wJmArDiKQVHgf4;3;33462;18220;96272;
xnn2tt;cOjNa37HfyWG;1;40228;
6lMs5jW;dn3vhBxbHxPQ9N;1;70336;
NELMb8pQ;jPr3vm7Gf;5;99837;14569;4393;73664;11650;
vx36a33nJ;595mt5t6kmpwhW;3;28012;53140;14758;
XN8hVUGg;IZ8FUiYNB;5;82801;28753;76947;3229;86118;
AH3jsE;ZSvKxygmuM4;1;6635;
w5O4sab;13u6qvcJp;6;64386;10924;38285;65964;80914;54397;
bQ6bnjuHd;ijgpGtez;2;69498;86336;
CfKBTFC;BYpek8dcJmlPzS;4;99900;97774;10400;29352;
jaaZ7C;4bLvXZx7XA9w;6;65386;96397;95307;81478;19786;66141;
3b7nLe;daqR4rtpcgM;1;42379;
1VnfYt;idYO4AOn8po9G;2;62899;55416;
BtX16;RxsWJ3PP;1;10403;
XbQltCS;nXPjMBwRnNx;3;3403;86226;72961;
ylKZGq;P1zJ0nUe;3;66806;40877;91749;
Waev1re;MPg6gYfmhj;4;90825;79001;20634;47502;
Xj5JofQ;KcpUNmRp;3;32187;4379;68505;
gMzTY;UlhWeumggz;3;18776;87065;98682;
lLfqPE;HwtNaOyz8nijs;6;44909;89056;94747;9078;97289;94669;
c1xn;HjFfDWQB;1;76635;
fazzy7G1;1Of64UBXG;1;41716;
xeDCavnBg;OycQpx3m;2;21403;63859;
IL2BWRZ;vGcqc3q7H4w;2;80526;76719;
GnXWnRa;CAqJilQ;6;377;10972;31358;61397;33771;14982;
Fo8pCN;22oPSx4HYtXvB8b;5;7986;60887;44811;39344;38636;
TXH6;mbxfncVL4sxnfSM;5;58243;30564;71866;75730;54902;
3wRfCzPE;hfJOrKbuXbg;6;4385;49906;51633;15741;24501;98549;
zFxZ2d;UuK1zjDORC9DBdX;2;63967;22977;
EGM55;8NctgWNRNaYe;2;34041;12102;
q1C1Zo3ES;lL2cMj9fC6SEn;6;14601;55038;77463;26066;5431;5918;
DNOt2HV;FeKHQRFUjBALMn;6;71886;66828;81264;49350;92894;86695;
R7FuM;n9QVHxDcfKBFk;3;98982;24;69593;
3Wj31T;8t5iXzU8yB;4;63388;39658;35631;56114;
th0SZTE;ZuzLEEelCygJj;2;39910;58119;
kUJM;5OFrNse5PP;6;11194;45168;39493;33573;92671;94767;
JmBnE;liPOes7S;1;47017;
FCVOKAqNQ;jGs1e27Sck;1;70698;
JyWNqTvs1;XFs88Yfg;6;89541;44753;32017;2274;20238;73160;
Kq0NuV;F60YVMs;5;79625;34056;64797;55054;11382;
zUc880;ndr6uhumx7PrXC;5;21169;18164;26509;794;68572;
AtCRf2;4qThr8cMfw;3;93641;40520;63586;
zOBi;IIcYiYW;3;32572;95996;76366;
wDkyrskd;lgfJAFqDx657;3;72897;44036;74005;
Uh2OcXq;zMXj56qaGO;1;64442;
UK18;SHR3IkDlejLP;5;42882;74753;24280;34511;58035;
jS7rjiwqR;UUQag4BZ;6;88997;79033;45712;50703;57192;26706;
u8Ra39hb;9iASbkAPlHJ;2;33953;19209;
csjb;IhZID43;4;21692;96607;31978;93883;
UxxZk4teV;kwlZweYDdf;5;84773;4468;26491;13890;78243;
3C3qXTzPa;TdE6l1fbljZN;3;22555;21813;30755;
NZIHdvoA;KL4at6EphtviFC6;3;13979;13700;954;
UrZ1;y0F7TFqP8;5;93796;83317;18907;61696;85097;
llQOAvM4e;yLUMcTY4jRq;1;53198;
Bp7zA;M8QDZq1nZJX1sJ;2;88173;71475;
qCff91;zPBDHiwjecK;3;91125;15038;92612;
VuxXu8;NKebRigoHVN8;3;79537;45072;43314;
Mayp6;xKIN6lvKTzLAF;4;29572;42650;65820;58398;
kdWK;8ziwiWTQsvMDQ;4;79635;99463;7006;58833;
SMhCsAX;EAvSAfryE;1;37138;
kbBGT1Ja;fcC1K9oVH;6;61242;25395;79338;55188;88237;42931;
v84eF6p;3hXTG0V9;1;81220;
XMOuBxr;qlsoztKv6eQZ;4;6582;77005;55647;32068;
imuY;5apqRDB7QYq;4;27587;74202;99509;23890;
upyWR;dqkh7yiShb;3;94944;88292;30669;
f0xv9Fsx;LXbzWp9;1;2793;
7RLS;MQW1cIIw8;4;79640;47941;93892;63661;
ZsKY;8YmuVRKisHI4ntW;1;41618;
qzvZFNweG;4lh3Oa1D8N;4;54056;84011;18362;54964;
xgDaURxf;u6ZYzR9GIN;1;41386;
SBnp70R;15mzoCjy9BvW;4;78224;10075;65562;27298;
htQuchHp;QSuHylAJIO9Pa;6;25268;82390;49926;19844;8817;31841;
L2DSmkamp;5vOp2azqJ74;6;74698;20031;8444;73440;86309;28288;
MYCFriPzh;vftORHER6Up;4;41153;21583;43735;77536;
UYsKzec4u;LNOa7RtJyYe;6;2537;68241;47935;71574;9394;69518;
FcasvKRzK;vwn78l2NDBb;6;26443;24573;11331;94684;72509;99257;
ZRjhc;WehipeeB4R2vQ;3;14479;10634;85703;
0iA2;h9BG71rT5;5;21169;82014;27594;56361;54592;
wPc2K1juU;B3QG3ysrQ;3;43708;74990;65610;
TfUT5vKeN;ApEX3RuuKb0CzgT;1;49692;
T1eZI;kFPIUkwL1Q5z;5;86665;97098;61709;51686;55773;
sg7j;VLYdjFnMkU;3;45980;56418;37749;
BZV4by;yEw5O0IEdfPY;1;22294;
ytep;vZQEJGb7ey;2;60217;62022;
OGMw1Bcw9;ldGM2qE;1;51483;
CjRsz;JRw58AkY6zO;2;96901;61744;
30IPV5t;WxJmA3j5pdE4A;2;63830;30779;
M01Hd4;PZTX0zKo9;5;42781;28800;67756;80188;96291;
L4zjgy1S;G4XXUkosYd;6;63523;7244;93893;12284;84605;53026;
Ev0K;IdcBJ4mvPvJ5jM5;3;7763;87475;33784;
NaZZtCk2y;Dl9Px2oB;1;83571;
W5VPhmKSk;87MYGuDWmZq;4;89533;72934;5490;24638;
I3p6P;k4XB2TeOpwf;5;70677;18363;8456;64376;11741;
LVqPxDb;7ozzcbUm5;1;42265;
wtbGpGi8V;uQE9Xhsa6i51ws;4;48467;97626;12916;651;
PXs4;vfwXch4shYB;4;71888;61540;54285;91734;
EpqMbRMO;UXlGhxr2dK7xx;6;44793;74813;35999;33033;36353;90284;
ypfVKbnXr;06j9ArxP;4;55253;51760;80459;7624;
5sTO;v772yimmctmAIHf;3;98256;19388;64123;
yVEZ;Pz6hYuATpqhyC;2;62234;38209;
ccxh;4lRIbBxP;5;97978;601;15913;77512;62275;
uC60DvogV;rp7N9BCrAt;4;84956;39881;3516;58728;
J1Eag2tv;3DRRh64;6;82159;82025;3093;23767;31678;8560;
w4Xp8xg;uEAAYvmRX;2;27504;5777;
T2Klqb9K;OEExSFJ;2;48659;26368;
5g8xDQ0;brYonjsME;2;35215;11946;
ruDFFKVh;FQiGNSPsf;2;83051;73735;
qANUdty;lxL1oOVT;5;22885;91422;11518;18832;44154;
PZc3BXL5c;meZthcuo;4;32773;25104;50570;65014;
awZcnpXY;won63Q8fUVwZXQ;3;53774;58095;22121;
KSkK;0IUmV7gOMeRuZd;3;13772;8917;35256;
66f8NyW;ycwnXdXNJIZu;2;73557;67720;
2dZA1j2Ve;Q5zNFM23MofA;3;57831;44919;90919;
7grjlPzdT;uZYRDTeho;4;85288;30056;52438;83679;
dW9f1l;xnadFCxs;1;90082;
Ykllxk;a5CPsEwE4;1;48218;
BGqBzQ;Ml0N5XSU;1;89514;
dHAYokW;Bkav6kFiGNuwn4;3;38995;84028;60508;
pZokupPTb;PkUXL2W5Z6y5C;5;989;76195;15337;56336;76576;
95N4vMkkY;KBVuowma;5;60356;10995;15875;20713;88484;
PBn9M;d0tJK4h;3;30504;49327;95049;
mtMnh;GCDOLp4cr;6;75506;70329;23957;38536;17966;48790;
DozrAR;6A4gNDnC7N3Jm;4;82045;37158;75390;57551;
AW9twlCZA;Hnk8Fexxka1;4;64317;55748;3290;72158;
PG5BFpV;tPVXn75jCaG0k;1;78068;
6ckfHXLC;eCN19Jnqn9by66H;6;13723;48986;80367;16528;43406;48890;
Q31bY3l1y;VlMSUZ85W7;6;26297;51062;7604;56372;48;87972;
U6PTSG;US7F3HlLvhHfe;1;54766;
0JxRe;19TbDlkN;6;62768;26858;68389;21834;48841;39943;
NtCV7;lOp4wUW3MM2;3;22278;27517;5616;
CEYt;IpJ63uzM4IoiCJ2;4;71922;34226;65640;37108;
EA31;KVbrbIH;6;11634;97733;4101;63797;60429;85313;
LViLckjHS;bmm0D8qgm;5;85507;7784;81409;49644;35770;
RLohn9nW;hmO36PegDH;6;54300;58439;60629;97917;23712;62488;
IxuTxIF;8A4XHhBzbgBhI6j;6;17987;63057;93910;32256;86769;56398;
kfOScX6Kj;2WBPrGgQ;1;64628;
gRXMZ;YW1SkTNgfi81KL;6;29999;91538;43666;53457;14616;54280;
OiFppJ4dl;SUNFEEnOlYSr;2;96809;22706;
eXAl;XARoJA6k5AMgeX2;1;44260;
EEKgIM4B;0Hz9qtzEeXlquJ;4;54078;75592;42856;48966;
MsYnxxXp;xEt43sjlQNnDWCY;4;32184;74312;6823;75040;
gPx29;BqTSiK9rTN2;1;125;
0bxz;kGk8V6i43ajs;4;72054;60366;65056;65495;
jdE2;PiyGhwP4;4;41;61122;74170;83942;
wKYD6BvC;jXSikheXoPqn;4;59272;91224;67573;46646;
81BTf;lkcdr0V;3;16632;96333;34982;
gGUJP3KS;0jWWJgnf;4;92788;30252;68409;48290;
MELwb;7evcdMxxCEhnblA;3;46960;50311;8303;
1xLmUcP;7x4sQ1w;3;47986;15117;75182;
EHP0B7Er;VLhu6iIl;6;83927;63689;61764;37843;28581;62479;
2PzGDZ;6nuKn7uWcOSkl;6;16905;79609;69606;17185;59651;31370;
4fHVT4rkT;DXFxbZ8mUs8W4;5;1010;58134;38647;18195;17785;
H96sS1H2I;3zPwXOjV03bWN5;3;98472;34548;63642;
k0XjUd1;uJsTmOG0XpOOqA;6;59981;57911;47211;84976;56383;81760;
kMK8zRQC;dUfwBr86hUlTw;1;958;
Sn1X5;pw03Yx7GCr;5;93271;96791;50346;56667;12179;
tP6olxDhd;LrQrRoHTB3;3;78186;48496;79280;
9833kfqN;v2y8WxJbd1SpyzP;5;89204;75775;44403;54052;71408;
UBJSuB0x;BTEyD07E3Ylhl;6;15829;52627;82501;91605;13382;36554;
7VdRkMxD;QCvk0Z8Yt0K;2;13051;89103;
sS8hR;OuOw6R8K;5;97650;63040;78045;71010;9191;
NQGKq;4joEEPGPEnrW;5;42745;76366;31744;62831;75913;
08qhUfT;tmKkOOcV0HnE;4;39404;33933;17105;80484;
nKYcfcGi0;MWesdxCLI;5;10880;6234;51578;7832;56821;
KcKXL;a6mndY7he8E;4;97790;11553;17718;91822;
EP4GOwb;nVhj5HYFHUPS;2;88256;33227;
k6o7y3Z5H;86ZMsgxF2FOXaCr;2;43430;19612;
E62s4tHz;GTFAGfSMD;4;31427;8417;20231;27849;
9EsL5;mVcwPW3lDy;5;36604;39308;44051;36440;60652;
ExuDZK;1ijsWIkrU5rfLd8;2;80963;67966;
IlQH4l4mO;HCzqiqypIiXRxFK;1;8887;
GN6NyNa2l;z0W4sjky;5;49831;70612;29141;47740;56777;
cAp8dO;ZzhEjV19FVpP5;4;49391;76993;34828;99519;
YWTdB;g7YtANSFg1q;4;71412;73567;50637;44562;
NPfd;bH7dbSQ3;2;54549;92117;
aZOH;KZuyJbC8Mhz;1;4359;
fHRP;DvAq8dtb;4;34820;97412;96678;36809;
DMtYa;1LHrmIeYf;2;78375;84518;
bbuKGJWe;Ty5qdJLbJ;2;6143;4030;
ilIhm0SQ;bSWXQtHTjqffFhM;1;66797;
aXfhzjnK;dd1GcJs0pLv6U;1;24997;
VtQRc;IdB5Fk8GbCHIU;6;63822;83133;49403;61789;10242;58913;
uc81KRmt;VitEOu5JXd;1;53184;
F5hc;afOYwy9XwU3N;3;28999;24752;24998;
O7qc6;F2Smcbk0aj;6;53491;60481;95810;4898;68100;76041;
9Xu9;8BNh8OrDEaN;6;20788;98964;80657;59009;25970;33162;
EOIh;dytbpQ5nfIudk;4;722;58671;37863;31945;
37xWj;LkNbYwA1S;6;57454;79755;6809;16588;93291;20357;
lJQLAysru;Jgoh7NMUmW;1;96995;
BMlGHWis;gx2K04G;3;35553;46791;49603;
ruvj0sLBD;rU0Ocg8QkzW;3;14583;77114;10927;
hDRVL;mf0xHhfx;1;83912;
sLBg68lb;wZADQSehlkdy;6;60399;57369;10804;85667;39814;84220;
QP7cbp;xz9lZC1HH;3;70595;73468;23853;
0iO95h0AM;HIPANyaFT;2;32838;20490;
PkBek4;go5UOpraU;4;81943;97064;59304;82887;
K0emdu;WHGkhrow7;3;11046;98055;40584;
wA7L;H4eBN2jEsZq;5;83258;36722;40328;26082;54246;
MbCgt;fAtplzhh49j;5;55856;88218;24071;53704;27654;
N4LSYJ;uxTrndoqDH;6;76603;4111;4807;53908;51721;9626;
hYHL;IrzpwMJRtY2x;4;455;74727;46172;77487;
5miqnpcS;8s3Y0f8NLpb0LLy;4;92168;13818;66052;54693;
Haeg;SGKJuyOs9;4;92696;98762;46262;94147;
GUJ4y03;V0QVGFnOEV6k;4;30600;98315;75302;97845;
5NlPkdc85;jU7UlSI0BftPTVy;5;63946;34662;49289;78143;28922;
Eukz5tde;CmlM2UAtXT6;4;34953;59185;51166;25292;
fqrFH;b9eqAFA;6;40402;5984;92144;98297;9060;11980;
MsVRGd;QcgUzjWNZhOYj2;4;60160;62426;69291;66144;
BDdIf1P8;aqzc6CgOZ;5;12723;14150;75848;19954;70703;
FCzLe;iX5ErJDF;4;82914;10973;11473;31091;
cxjFMT8i;TRPPS73D4M;5;11826;12401;14998;97453;89964;
RSMe1hRK;Yg1OfKuUnaRgD;5;20623;57281;65164;49376;72279;
fmHjPh0xT;7Drbu3h2n;4;36973;29939;95731;52428;
bNa2;vatQpWL;2;6862;75354;
nZvBJ;5sef5l5r5YESwpI;3;38515;49273;85866;
054NxM9Lj;Bo6HV2X07Q;5;40747;80188;19246;79298;26361;
lXpiEo7xj;tgzzHNvc;3;84222;29275;32007;
BAc7d;2kiZjwvc;4;96061;50463;79174;7691;
mR6Zgw1dx;Pp2KM9ivSORJY0w;4;7816;36089;3332;31859;
YAOFwB;xbr7Loe75SOEG;3;1865;97788;4416;
SnMkRe6;DO1kCrHBIDcXF;2;11077;15091;
g05h;iahxLlYpc8Pt;4;13367;47866;60196;95293;
kVJkSp;zsVvACU1KS97;6;34228;82548;62423;32674;80009;1912;
KTOk;HggnFy80WyIO9qL;2;58803;3544;
9EUXriv3f;EQJJhycMEi;4;3536;44876;16402;79020;
Bs5bW;uc4Pwww3;4;9427;28322;76670;2223;
C5GvwYovJ;WN1PSBhONso6tgL;5;37343;48474;98453;39567;56068;
Y5jBwf7P;rLj8coMOFZ;3;69431;95822;31850;
tImgiac;j1I2FswV4DR6;4;18200;98125;57464;7505;
inFc;Sf5Bwds23;4;31738;77878;70405;51878;
1rS2JK;KKMJM086jt71;6;74181;47741;96467;49997;53488;4753;
HGVwXCmvc;O9EiIeShOIdKP;2;61304;36900;
dPxep;DBCDdA7j8b;6;34758;9419;91731;79471;34553;41281;
1jU2Z;sLNmqvdTUDmX3k;1;65158;
DYvThwC1Z;gyXLH32k;6;43435;69370;16011;99647;7703;24450;
A4yH;BTwwWASJc;5;1319;79464;10192;36457;4761;
rV1tbpnxX;ickVV5qt0GSH2c;1;1118;
34dALKqN2;PX2l64tPN;5;11427;3688;55855;83042;60441;
O43nCh1;TVIrzlepw8hQLU3;5;9408;40923;78595;81615;23965;
jkcMX;DuTbJgkLvHKC;4;41960;84347;17898;42254;
cYZK;RqdSRMQi4yhDE;6;98450;82044;41830;89733;19024;49348;
8h6a;0kqD85RbMyNqHHO;3;37697;22407;58837;
PNWrcxI;tGPPQHFZW6;4;24559;40376;21952;63663;
YgwD;gYmXzuD;5;55098;69999;1386;40908;66658;
riOB;xXtzkZ4c9e;4;29563;6006;47377;94966;
nOtpOvd;Febh4rFOsIbfZ;3;79061;3183;99187;
w00agxa;TcVCKoEJ;3;90763;54364;67269;
O0bQM;QJDaMwD;5;99477;53714;14250;28347;33503;
tiRLUI;LaoPvmYGJkvoRY;1;94372;
AJC6jLrx;bN64zgi8hx;6;89054;61311;33251;86498;25039;56978;
BPwvW7Lh;WVv2W6ZOv5Xsai;6;17092;29710;19416;3590;71102;92747;
DUPZdBXOJ;RUbIE5xirs3Jt;2;68799;9361;
Tg69a;fiWXYGWwa;6;85647;97858;6205;2274;61516;71616;
VJNfJtY;eHSLG9Yte7f;5;28315;10995;69347;3013;12995;
R1KUS;Penzgr6Z0AY;5;90731;33559;26098;26484;16500;
7SPPHp;G05hJ9Spc6OglJ5;2;7045;38749;
V5VAb57;H4Jicd97lI5;5;72423;79337;40218;59861;57992;
dpm69K8;Z7vtO1nn7np4ky;4;67076;13891;56395;62765;
SQSO;z7Im21F;5;69855;62049;1016;98813;27089;
WmMoLHUV;Ii9FS7z;6;64018;42504;82482;42690;76540;41850;
qBHCb;XHDX0y0xGZ2p;3;18574;17622;99534;
DTfrgL;4eaXv4xpQ5;5;2544;15115;64876;45757;94995;
zy3t;NmdNTFzL;2;39188;29466;
D4oQ7;XAy2RDBWAqJ;4;32552;10613;45837;30427;
7FbR5;Mt23d81STre;5;14417;13128;26426;36910;69031;
gyUQ;iJTJYQIy9Araxi;6;8695;37834;41629;50796;81473;56046;
exvzG;OzzbI6UfUyOg;1;98573;
ZkEvg;Umla1lhZBX;1;71471;
b8fYx3;Le45hsqGWsaOckX;3;23484;27274;32877;
OKZ4IB4;g564F8XAf;3;92765;2480;93024;
slP6;8JFZXS0Fn6BjZ4i;5;36835;25646;26447;58556;25749;
k6R70Z;dMRnKqQzbynH;6;5951;72712;37479;12988;31168;74314;
zk3WxAw;8FL7InPTX;1;70057;
249LR19Z;Ck1bqYnsE1iBwT;3;15358;87421;12948;
Txkmns;SEgiO5k;5;99277;44205;98581;19975;42456;
0YESG0;bI08vKTISYom3;6;88448;62574;74795;7887;61851;19000;
LQytCKDv;a8paEd8;5;89332;19905;5174;46489;88157;
Xs2B;0ys7R2b719nZE;5;88566;55175;68312;46248;34455;
OcWOnLgDw;4xH4dWSzeNe;6;54672;99499;49942;43238;71027;18254;
jWOYW;5w8t40uQGS;3;7796;26128;45557;
6s7D8QKV;Bt0Sf2jVelRAi8;4;52400;36964;49625;76548;
Ra3w;Lq22gK66;5;7599;85455;98646;26615;186;
PIwvpwpKT;zJs9sIwWmipVxhO;4;95148;26968;26411;11686;
bsYwx;JbuJt23f;6;56664;99688;69727;71238;98054;40926;
CW7UKsi9;JUmYML8eMGf4fyV;1;75946;
BXEctJ;oFfQfZ01;6;39526;15002;80821;50919;32980;61845;
VtQlU;eaIm9Mt2YW8C;2;88076;43509;
QDUo;mPkguCB;5;55565;95807;80572;65290;95647;
g1AqGIu;FfGrynCg;5;42600;83177;73282;29836;97007;
ZULn;215QXDrE8ubpQmQ;4;44692;99949;26334;16239;
6CujiGZ2t;dywqNofG339i;5;23557;7846;37573;68250;24147;
3GwZ8;z80YuezHk5A;6;65213;40052;85164;37515;66926;50466;
hDFEaPAy;yaX6pKtl;4;64808;68397;4826;72368;
wBWUGpn;Ta45UZycnyXh;3;40883;70822;56420;
Bq3mw;GOHHSxqQqjBf;6;91382;96764;37109;74674;847;40291;
zUfE;qSxNs1rZy7lN;1;52082;
cv8x9rpo;jQeMpZYGh;3;83612;96937;77872;
RXUWdVha;YM91epvXwb18;2;75514;38314;
kzB7WC;tt9DFlrhk;2;26414;42160;
QbHjET;DxnFitFpxS;4;71398;77930;72867;55428;
UX3uB;7RdyDVb3nygSHz;5;84998;72548;4393;61277;19239;
UQTj;CERTzwWVX;2;96341;12437;
LKvsrTOeC;Ky5DQxtI6Qh;1;81366;
HoNOio;gpw3O8cou7Pau;1;15516;
AHUAZQ7;CkjGNJc0QrkH5iJ;6;29112;31409;63864;93628;17728;95732;
Bx71;mWgQxOSns9vZ;2;34056;62211;
pjuMXd;wnTLV3fDDe;4;5401;6713;4040;57288;
wFbZHPe;HpYwfELVYWEz;1;28870;
KOwQg7;BczEbFx2;4;30381;21570;10794;41429;
A3h52K;pXoeu3g93;1;98402;
T5pSW;0x6ED25wKZOXeBc;1;16028;
bEzJr;faGOqpoeMjJ;6;45407;19242;61990;7368;66624;68955;
lCIqcRZf;Q2cO7QS7n;5;27722;7807;67259;83869;92169;
2iNeIluK1;376wjma9pN75;3;94853;51770;82329;
WKGfCNSGl;T7Lr0InkPylP;1;49377;
qVz3wl;S7yowD7teoiNz;1;18195;
mR0r38;6E8CN0rxIoTU;2;6390;11993;
hTxtCf2N;aMaxXDoezSa0v;1;81971;
quDsRls;OOU3004C0;3;78189;78338;16743;
e3W2ROv;C4QHUrsCj;5;14204;80915;20629;46642;39226;
F3kp;HhbcmLp;6;48354;53726;75057;29173;75727;24955;
SKLsZn;K2W5yQCmatRI;3;60749;5689;83347;
naZJ;YQlhwvp;2;74556;83205;
0r8mLl;IDm4jUFzIRnpemg;2;80422;56162;
Oxgd5Xq;wZmfCSGO;2;5058;5590;
jXSppyV1b;QrEMDfYKZ7;5;23975;79794;73124;14773;44111;
HMlU;nViCAz6c090AWW6;4;3392;59136;33789;37808;
WycmkYg;iV1bAfVIHl5B;1;75278;
pqWPtHm;pfRmOREy;2;18936;17380;
XfcEpOjTd;41L4cVQg0;6;15118;81648;83865;59976;50744;48812;
R7wVXv;A4ZNYPo;3;23000;36583;7455;
NHhto;cj0ddUuUu66eu04;1;25534;
RwSB;09GRvGXvQN;5;41998;32770;48167;91069;37110;
YUXDf;ZZi6iu8W;1;29110;
XBrRI;82WPoEf3gAK8M;2;86215;80045;
brHnTMgX;AcM3f6kF;1;56815;
i9arF2;PZGfgnLP13Ep4;1;93602;
IoqX;FCcKpdqbQeHViTw;3;47520;46982;14269;
S9tW;kKmAtL6VLEa;6;55203;17338;75005;62114;39945;56175;
w3z6xzGg;5HTrAYLJxV9;3;65973;81263;974;
S4qw;TeryY2ttJKRvj;5;33191;60223;26401;4571;45611;
D7xisFz;JGDxwvhyKFkA;4;95573;35395;36365;86247;
elpCTU;hTnoxUS0;3;86080;35519;1547;
faE0Q;5lwAIvXlRy4W;2;92970;49592;
MU1GE;lkm3UtzVxu4USDf;1;78677;
dwVVXYp;BAiUu0nF8ywQPVB;3;67093;71827;38228;
XDB0Xk;bEED4KnoByRxUbe;3;24262;22450;53622;
61hu;F14F1y7uqHF;4;94154;29646;67570;8326;
l94fE;zSNJsnF;4;55059;95977;81319;52879;
0kntnwsgC;Gf3yml8tH6mwt4;4;23724;80251;79781;5043;
Js90l9Q;gxM7TXgPg;4;92509;42022;91212;45861;
QpaW0H;N6bAYkrtoN3j;1;38447;
eiAvzP6s;mXeF5ccztNw;1;97420;
unCUEe;apT0WUOk6zn;4;34980;3150;21002;22940;
OqbXl;L0y1KNYK2I;4;75769;80926;9971;22759;
MCEb;DQfHClTNNsD9keK;4;89992;1321;68559;93893;
dT4R;XDn9EPNI;3;6944;18734;95394;
p9XD6qgJ;m1rZtTYwCZl;2;70666;13812;
zmMoIcbS;mtYxCdPM5;3;78227;9653;57351;
pguiGFU;NwYkieWKpeyKE;1;59118;
pWaNwE;TThaAoQbIClPH;2;35736;75957;
bcLmRig;Re0zW1kELpCbD;1;21004;
14Kbylq0;HoIHYf2Dj;5;40840;42508;5287;65279;50990;
gm8o;xPArIFYUbt;6;63804;29949;86978;92286;92838;11664;
gmplw;uUUs3CZnZEMgaf2;4;9003;3453;65686;38952;
ydZ1;Y9q1t8LJ2;2;48883;48354;
H82mU1CLi;WIZ6Yas7;4;52307;31221;35158;42643;
WzbML;sa764XOPvBLhz4;6;65905;91853;6737;69975;88788;59044;
zSLkhK;RRyaRu6KfIpAa0;1;24064;
usqsiWQ1v;oUO0kig2ZE2FWWf;1;81774;
Xlps7;KPmYz1MJ9S;1;90469;
jBJaegaW;uNbKTVqKgeH7P;6;47702;69365;29737;35125;84685;1733;
J6KbD;Od9PNSA2rE6W;4;65883;28681;35129;57557;
peNRbx;uVXvMIRoLQ1o;6;92208;44260;22919;36776;38941;37556;
5nUWAf;sUAvejixTO;2;34147;88662;
yyKRBR;FeWcvAJgO;3;17532;20084;51270;
xUczGe;vOLfeQe;3;79506;29720;64143;
Wr2tMM;Xk7v2wcOkAebVSL;3;5413;28061;26704;
2ilbIpc;d8ILWRGf;6;79894;57282;47637;90654;42134;3507;
EVBbLJmM;FJsHONrPMXo;2;55834;68032;
kJ2zoE;uqCajz8P7;4;21904;71708;32448;5331;
hDhc;OX1Zz5perHvTF;6;52208;66071;36177;16702;31634;84467;
2lB7MH7uW;p2CBjgo85N3iQiP;1;77090;
0OZSUD0AC;v4mKUM92S;5;28448;25423;99249;52777;10117;
s5ZahOM6u;EjeuGznQ8;5;80903;86559;74828;41407;75403;
MzBsvy;OyBb73ib;4;53590;67240;1182;49044;
fDeE4dB;jrkEOsn;6;74516;35463;18902;13572;26811;86229;
Om7e;iXLz7jUXsc5;6;88029;35146;51816;38549;52991;95331;
8dO2Xr;sLfbyEeFpN4nW;5;37304;83721;54263;25333;35219;
QsCIF;AIpFYYKXlc;4;83160;38024;16885;21633;
bVgYu3;bexSxRZWWq;6;63419;7814;36496;58745;53138;83170;
rNuJMeNA;wtHKgYJimrF1;6;15996;18182;10477;23810;71030;85574;
ww86AKvWe;lyNF5lJUUS49lVd;6;15488;16276;4269;1063;9577;74821;
8Wyan;gvdr5V9L;1;93490;
N31GP;PWUaGYQ89zSDs0;3;53998;32409;63220;
Tcdms1U6V;PXdvjna378zUP;4;73353;91642;86946;43703;
nQen;kAr7DNePL7MIw;5;27939;8090;39446;30667;35080;
f3UdFsx0D;H2O5yqfWIdo;3;95185;43074;55747;
hRT2Sn;lsfLKKDmF0CLM8M;4;10044;52154;35285;96618;
sxP5vp;r27AkabSLE4;6;31335;75379;13769;25337;89649;35055;
iFfA2Ttl8;TP91GoTBO2CPK;3;61085;76150;79163;
PkXpj5Spt;FkvoXsdrFXS;3;23394;8420;63965;
uwscG5lti;QyWksrsLDf1;3;50398;66324;54639;
poxJLNMf;zFglAUIk4Yzmx;2;65084;401;
d3W4jarSL;fIINb7gghG0NOT;3;62833;59428;45702;
MPtAq7jN;cghIMSII;6;10863;68763;2563;56671;87670;45725;
UuvdVL82;9bjNDkOJpkk5S;3;91006;45289;16793;
juc1cwm;d8947adJBll9z;4;79377;69761;67913;13804;
CXY9n7k;9ZIY3GX;1;62020;
5hV1eUP;vPHmR2w;5;26642;14306;69884;184;74635;
O9REtA;fhFseNExjZ;2;74874;34596;
VJZ0;C44aCCe;4;85302;11419;25585;79436;
EC24EKOdz;XyqBv76OwucHJC;6;21526;23956;18716;47111;3392;57557;
2cos2i;DZ8YV2AhmAM;2;63110;60376;
n15lPOed;1n4vGQA;1;70849;
dWXRk14b;uatwoLmvvMdjB;3;9830;44036;22720;
B7kER5;RiuiAvzWH862tG;4;97958;82373;57308;40334;
Mgm4M;gE4kjaFpzYOl;3;91146;20681;21768;
ppFoSTNG;ni7d2a3xe;5;92929;8774;22547;33156;53070;
ns4f;Dfn9sakA;4;8840;5862;99897;96653;
VKa6a4;h3LUx9Fn7vmZYs;2;25563;33236;
NWt3Wc;6XL06E50dQnclA7;3;80457;64955;1846;
9lukJrP;ePEoMpYAlqv9;2;58404;14350;
jj47Jfl2d;W8EH33n7J;5;53193;32226;84240;63969;75128;
Jw2oF;P8eLb1IEwB;4;25475;59808;72891;53872;
OhD7;BndtBYto19k3IkU;1;6730;
iTiB69;1t17SAhq1u;2;78560;37734;
hn3nE;qL92QD0tqQkH;6;5642;27765;38356;31438;56693;64558;
A0qFdjSF;2QnTLCsLu9ciss;1;54584;
OseBQ;QBm6IeLVXmnfVIc;3;87336;70539;76354;
bcVWIVI;4zOgSvF2pd60Z;4;71951;88530;86414;59240;
hr7i;r4xdZWS3DbzvqC;3;15804;34716;40310;
Lox1PN84I;AbGaLoE0j046KKZ;5;89482;2276;58729;29793;88393;
sqBELr;anwKzYyIOqCp;4;53545;77432;15655;56370;
qInGXNb;oapnRKm24UrTiYv;6;7106;70730;12176;84539;2737;68546;
EeYL2k8hS;xsOK9nUZ;1;2063;
LZie37NUf;WO2QXBY5Vnsd01a;4;34467;17529;50405;52882;
ub5ucEhk;Hfhl0I9Vtl;5;47780;6732;14505;81737;50422;
YjMhuQB;H4D8j8dqj;5;91185;57053;35691;47569;21856;
2WiF1;IYJSFRCaL38S1b8;5;7686;91065;20722;98871;48119;
Chtt;VZFtMcbh;2;99502;61178;
K3vr2x;8k6VqBM;6;554;24672;75622;89222;13358;26363;
oHfJZ64Z;NTE4dI4mM3wIOK9;4;98728;89516;43537;28438;
TyMrvZF2;pskRnnqhz2;6;28916;41264;34019;2972;55158;88335;
B5Vt4CPEU;KswbFNkn0;3;1846;5579;78387;
mJpZTCN;oGck9DZJ;3;16542;22277;77058;
PAxlBGk4v;AqZ38Xm;6;1732;68971;61157;8145;7816;38650;
6lFuHOVdX;5cjC0r0eeTc;5;1;65360;96645;68973;26518;
c0iuxWgAJ;kUwgWFIKVyOXgQ;1;64739;
VIA1md1c;8MYcXIy3t3z3;5;75389;13104;11049;70383;77842;
lldW5Lm;7GJ4iy654uW;4;27696;17327;93613;58160;
WVDOd;Yjvc507By1;3;84767;63804;86943;
Cc4yBsp;bsClenyO9WAh;2;56874;39670;
uZzwdX9a;QcNGpcz;4;30583;70389;30137;26775;
4FBH;FoGXBFZ;1;94030;
LIwmyBRK;z5Zpskqej;5;53816;41516;7034;39037;58793;
xPwNTF2v;X11XGykz;1;48945;
FNhPbXbM;ALn8HPa87zsSqhF;5;99000;46256;53308;43695;95202;
hvpK9uq8;6oI2Vn3Skqa2;3;56589;74425;4964;
QjtJOy238;dBsPWm1ucNI3;5;61297;9647;48530;28435;66237;
IYMRfjvDb;5mxuCahM2zOF;3;91774;20619;46897;
syz2gEb;KPc6Ior2Os7okx2;3;24439;85509;83847;
asZLKn;084yL6vjiKbU27;1;47248;
QWD9;CCRvDpQrl;6;61831;72865;15141;59786;83836;73008;
CsNb6zE5;AhhcStajKDJpYb;2;70682;69379;
5LXEYJ;v3aOtiTtYa;6;46959;49691;92434;7086;53252;971;
1HTM9H;DMKEdV06UCn0jHO;1;78509;
yQ1Hl;lpRk59NFHiIr6C;6;32831;13003;97966;50748;67670;88338;
e4XLjTdif;VCS5PzdJw;2;73847;58835;
i8fX;Au2ySCvOmWvfz;5;42959;7659;34646;85184;96812;
5KoIW831y;muxj5pHpi;2;17511;36804;
0c6VrB8;VxJs9LHP;3;33915;25604;95501;
FLLbqz;zQFqG30EqCnL;3;54187;65466;7927;
nuRZu;VK3fBZMZFifb93;1;36104;
tkuwK;lOqc6KM;5;98623;18195;7819;30001;11567;
hhihb;cweqQVd85D;3;72474;18326;66626;
wOgKs1;VtC0qZBts;2;66251;39538;
XJQd;fZjl7k1PKYFti8i;3;21425;91648;12373;
AbGq;7Illrnpg;4;10602;71292;62088;29416;
10Pid4oz;gEH1bl5NjKuR;3;57103;57670;40517;
zQq5F;5NapYgRt6TC1w;2;81912;80701;
g58GU;D0GYezx4sb5IX9;2;10538;84141;
6Bq0;vdCBMgIg4c;5;41663;35385;21563;4763;62880;
fn7jh;gKBMtURBRaCj;4;82285;72995;6469;39314;
nii7XJOX9;fEJvEqYI;6;72062;88576;77414;8559;70305;88079;
xYP4L2cT0;lkEAaK3K;4;39302;48348;36452;30749;
c7q0MkCD;0sq7CveNFIdEg;3;90508;29845;35257;
wHz9a8b;TMO8A4m;3;36818;14506;86689;
aEZm2j;jvKtVdE4uEsee;3;68075;17217;70999;
04Rkz7;gmobSojbYC;2;44660;53469;
bRPiT;6PyWYfb5Xpb9;3;13025;49572;77859;
bzrdteqsb;kC2iMt8ZpN;2;26789;46537;
thfMf20Qe;zzV83dDb;3;45215;26508;14655;
3ut6;viRwX7chw;1;13303;
oQpLbv;eACPDvFkz;1;54786;
om2wJnK;nxoKXh4gbQxySX1;2;69093;51024;
meYoUlMA;VAJ2N6hl;2;77204;90523;
8ATlEFxmP;LOFi1evrnJbNg3p;1;93095;
njefyfbW;xzS8doh5sCmF;2;89362;10280;
Hz3ARwKk;HD5DeC0Dl;4;25734;20768;77231;15946;
bnYZO9O;C2AodRCIi;2;52233;38686;
RluakFY8j;d1knl6FKVicLIoM;2;54951;42676;
nI3Z;f0m78Ag23QLb;4;40851;78834;67370;63247;
WIXA;GxfOkP5uUTGPQ;5;46824;75361;31591;84969;82937;
rmG6f;cEhecoI;1;46918;
LjbSlc4Tz;uuDng9aGhXLCg;3;2607;73020;54561;
VfTwmUcvW;RTWcdnnhnnMs9;6;81234;42317;93784;83841;15337;48345;
yiYjoHDy;V1RV548afl;1;67909;
xPuqNtvX5;axZkAWlKQ6;6;23161;82067;99401;89748;25181;1178;
DOD1tVh5e;ASqAfdIDZT;4;56316;10834;63720;95830;
mDr5FU;8TYono6BOa;6;2545;71416;92019;50755;61319;59184;
vyw7w0hXf;hCQrdtnUhB;1;12773;
CPLN;Iozz4glOnL;1;63861;
c7ZmJcX;raBN8XCfKHg1vPd;6;77225;4306;62804;10619;99243;26666;
U4TJgsJ;diJQguik3OoU91;1;63347;
d4g4Iu;uNdgVlj1VX;1;95262;
bJstk;AqejXkz;4;76263;63879;35025;8955;
oBrvpzTIz;qsRrmVmSd0n;1;71800;
0UocDASHp;DmguTKf;3;22528;82;95449;
0jLXau9a;VKxEiWW9FnjJ;2;81051;78526;
VlXLsxwqP;NNde8bZJwtPjeOM;6;61442;85821;39142;56320;15918;16741;
Ky20;WBHVpghGW;2;41016;31029;
kXXH;u6gKLA1;4;31468;3079;73018;9552;
CkysmG;6zQQOodGclIO42I;3;55777;63077;99373;
uad0;8oYfklV1Z8;1;34868;
UaU0i5;l4gvqwFXAEYW;4;35835;35505;34447;328453;
